<?xml version="1.0" encoding="UTF-8"?>
<project-private xmlns="http://www.netbeans.org/ns/project-private/1">
    <editor-bookmarks xmlns="http://www.netbeans.org/ns/editor-bookmarks/2" lastBookmarkId="0"/>
    <open-files xmlns="http://www.netbeans.org/ns/projectui-open-files/2">
        <group>
            <file>file:/E:/OOP/TaiKhoanNganHangV3/src/data/TaiKhoanTietKiem.java</file>
            <file>file:/E:/OOP/TaiKhoanNganHangV3/src/data/TaiKhoanThanhToan.java</file>
            <file>file:/E:/OOP/TaiKhoanNganHangV3/src/data/TaiKhoan.java</file>
            <file>file:/E:/OOP/TaiKhoanNganHangV3/src/taikhoannganhangv2/Main.java</file>
            <file>file:/E:/OOP/TaiKhoanNganHangV3/src/data/ThanhToanOnline.java</file>
            <file>file:/E:/OOP/TaiKhoanNganHangV3/src/data/XuLyNgoaiLe.java</file>
            <file>file:/E:/OOP/TaiKhoanNganHangV3/src/data/TaiKhoanManager.java</file>
        </group>
    </open-files>
</project-private>
